"quarter","assets.group","grossSR","netSR","grossCR","netCR","av.daily.ntrades","grossPnL","netPnL","stat"
"2021_Q1",2,-0.879377014087484,-1.17938913430006,-1.42901565885136,-1.74830028847982,7.44736842105263,-14618,-19526,-5.19550598144675
"2021_Q3",2,-0.049664294579314,-0.545599264858354,-0.0921619976467091,-0.88367369422935,7.83544303797468,-543.499999999895,-5926.4999999999,-1.57243885694726
"2021_Q4",2,3.81886249971404,3.34861011763678,13.2515238786224,11.3873674838052,7.91139240506329,39326.5999999999,34165.5999999999,40.211291720116
"2022_Q2",2,1.59629389452632,1.10216903272821,3.45594405594399,2.29988739746803,7.47435897435897,16908.6999999997,11622.6999999997,5.64153198008725
"2022_Q4",2,0.293366508663983,-0.0153787547915064,0.765921923064888,-0.0380470723761801,7.1025641025641,4561.19999999975,-237.800000000249,0
"2023_Q1",2,-0.117482324201296,-0.478796149948957,-0.194881542643292,-0.730854768419951,7.35897435897436,-1586.69999999967,-6438.69999999967,-1.36109031717458
"2023_Q2",2,5.69328326391637,5.31728195077053,17.5214593301436,15.8074958994693,7.92207792207792,73239.7,67997.7,66.6993160730054
